tick,ordens,transacoes,volume,preco_medio,ultimo_preco
0,59,26,5434.00,102.5283018867924528301886792,102.00
1,63,41,8146.00,101.825,103.00
2,64,34,6518.00,101.84375,101.00
3,58,43,7336.00,101.8888888888888888888888889,101.00
4,64,32,5839.00,102.4385964912280701754385965,102.00
5,68,43,6750.00,102.2727272727272727272727273,103.00
6,71,50,9371.00,101.8586956521739130434782609,102.00
7,64,36,6201.00,101.6557377049180327868852459,102.00
8,70,38,6831.00,101.9552238805970149253731343,103.00
9,64,46,8354.00,101.8780487804878048780487805,103.00
10,61,44,7999.00,101.2531645569620253164556962,100.00
11,61,38,6800.00,101.4925373134328358208955224,101.00
12,64,39,7081.00,101.1571428571428571428571429,101.00
13,71,45,8692.00,101.0697674418604651162790698,101.00
14,64,51,8712.00,101.3023255813953488372093023,103.00
15,65,53,8777.00,100.8850574712643678160919540,102.00
16,69,57,10003.00,101.0404040404040404040404040,100.00
17,70,60,10419.00,101.1553398058252427184466019,100.00
18,60,36,6845.00,102.1641791044776119402985075,103.00
19,64,46,7542.00,101.9189189189189189189189189,102.00
20,60,44,8070.00,100.875,100.00
21,65,37,7130.00,101.8571428571428571428571429,100.00
22,66,46,9516.00,102.3225806451612903225806452,102.00
23,71,59,10219.00,101.1782178217821782178217822,103.00
24,53,41,6891.00,101.3382352941176470588235294,100.00
25,69,56,10079.00,100.79,100.00
26,59,36,7352.00,100.7123287671232876712328767,101.00
27,67,50,9311.00,101.2065217391304347826086957,103.00
28,61,51,9630.00,101.3684210526315789473684211,103.00
29,69,54,10099.00,100.99,100.00
30,64,34,6188.00,101.4426229508196721311475410,101.00
31,62,52,9849.00,100.50,100.00
32,69,43,8088.00,101.10,102.00
33,70,51,9792.00,102.00,102.00
34,61,46,8184.00,101.0370370370370370370370370,101.00
35,69,44,8141.00,100.5061728395061728395061728,101.00
36,72,49,8489.00,101.0595238095238095238095238,100.00
37,66,44,8120.00,100.2469135802469135802469136,100.00
38,58,35,5552.00,100.9454545454545454545454545,101.00
39,59,33,5548.00,100.8727272727272727272727273,100.00
40,59,40,6766.00,100.9850746268656716417910448,103.00
41,65,44,7376.00,101.0410958904109589041095890,101.00
42,62,38,6370.00,101.1111111111111111111111111,100.00
43,74,46,8109.00,101.3625,102.00
44,69,51,9847.00,100.4795918367346938775510204,101.00
45,67,38,6658.00,100.8787878787878787878787879,102.00
46,67,43,7824.00,101.6103896103896103896103896,103.00
47,63,44,7770.00,100.9090909090909090909090909,99.00
48,68,48,8788.00,101.0114942528735632183908046,99.00
49,63,45,8871.00,100.8068181818181818181818182,101.00
50,70,59,9979.00,100.7979797979797979797979798,100.00
51,74,54,8956.00,100.6292134831460674157303371,102.00
52,57,37,5774.00,101.2982456140350877192982456,103.00
53,67,49,10048.00,101.4949494949494949494949495,103.00
54,66,48,7687.00,101.1447368421052631578947368,102.00
55,56,32,5609.00,101.9818181818181818181818182,102.00
56,72,48,8727.00,101.4767441860465116279069767,100.00
57,70,35,6074.00,101.2333333333333333333333333,101.00
58,56,41,7282.00,101.1388888888888888888888889,101.00
59,56,41,7341.00,100.5616438356164383561643836,100.00
60,67,49,9258.00,101.7362637362637362637362637,100.00
61,61,43,7706.00,101.3947368421052631578947368,103.00
62,64,32,5257.00,101.0961538461538461538461538,101.00
63,64,44,8037.00,100.4625,100.00
64,65,52,9158.00,100.6373626373626373626373626,101.00
65,66,47,7985.00,99.8125,102.00
66,68,51,9382.00,99.80851063829787234042553191,99.00
67,65,38,6035.00,100.5833333333333333333333333,99.00
68,57,38,7161.00,100.8591549295774647887323944,100.00
69,70,48,8612.00,101.3176470588235294117647059,101.00
70,57,38,7042.00,100.60,99.00
71,65,44,7135.00,100.4929577464788732394366197,100.00
72,62,41,8254.00,100.6585365853658536585365854,102.00
73,64,46,8694.00,101.0930232558139534883720930,102.00
74,64,50,8657.00,100.6627906976744186046511628,102.00
75,65,41,7758.00,100.7532467532467532467532468,101.00
76,56,39,7547.00,100.6266666666666666666666667,99.00
77,54,30,5132.00,100.6274509803921568627450980,101.00
78,63,35,7166.00,100.9295774647887323943661972,103.00
79,61,35,6761.00,100.9104477611940298507462687,102.00
80,66,53,10346.00,101.4313725490196078431372549,100.00
81,59,44,7791.00,101.1818181818181818181818182,101.00
82,64,44,8120.00,100.2469135802469135802469136,99.00
83,68,56,8421.00,100.25,99.00
84,65,34,5927.00,100.4576271186440677966101695,102.00
85,63,46,8673.00,100.8488372093023255813953488,99.00
86,60,42,7282.00,101.1388888888888888888888889,101.00
87,57,48,8864.00,100.7272727272727272727272727,102.00
88,62,44,7826.00,100.3333333333333333333333333,99.00
89,60,39,6850.00,100.7352941176470588235294118,99.00
90,64,52,9259.00,100.6413043478260869565217391,101.00
91,66,45,7728.00,100.3636363636363636363636364,100.00
92,59,33,6060.00,101.00,101.00
93,58,33,5807.00,100.1206896551724137931034483,100.00
94,56,40,7790.00,99.87179487179487179487179487,100.00
95,68,53,8774.00,100.8505747126436781609195402,100.00
96,64,39,6475.00,101.171875,102.00
97,67,54,10045.00,101.4646464646464646464646465,102.00
98,71,46,8245.00,100.5487804878048780487804878,100.00
99,73,57,10333.00,100.3203883495145631067961165,100.00
100,73,50,8988.00,100.9887640449438202247191011,102.00
101,56,37,7455.00,100.7432432432432432432432432,102.00
102,59,36,7511.00,100.1466666666666666666666667,101.00
103,69,46,7525.00,100.3333333333333333333333333,100.00
104,67,49,8461.00,100.7261904761904761904761905,102.00
105,69,45,8070.00,100.875,101.00
106,63,46,9052.00,100.5777777777777777777777778,103.00
107,65,43,8305.00,100.0602409638554216867469880,100.00
108,68,47,9250.00,100.5434782608695652173913043,101.00
109,66,48,8069.00,100.8625,99.00
110,64,43,8003.00,100.0375,99.00
111,68,41,8324.00,100.2891566265060240963855422,101.00
112,63,38,6571.00,101.0923076923076923076923077,100.00
113,67,40,7065.00,100.9285714285714285714285714,101.00
114,61,44,8209.00,101.3456790123456790123456790,102.00
115,71,53,9227.00,101.3956043956043956043956044,101.00
116,75,59,10400.00,100.9708737864077669902912621,100.00
117,74,51,9322.00,101.3260869565217391304347826,101.00
118,62,42,7695.00,101.25,100.00
119,69,39,7192.00,101.2957746478873239436619718,101.00
120,69,44,8174.00,100.9135802469135802469135802,101.00
121,64,37,6147.00,100.7704918032786885245901639,102.00
122,68,41,8552.00,100.6117647058823529411764706,100.00
123,62,38,6763.00,100.9402985074626865671641791,102.00
124,65,52,10073.00,100.73,99.00
125,62,42,7811.00,101.4415584415584415584415584,100.00
126,65,35,6832.00,100.4705882352941176470588235,99.00
127,65,45,8457.00,100.6785714285714285714285714,101.00
128,58,40,7384.00,99.78378378378378378378378378,100.00
129,74,51,9827.00,100.2755102040816326530612245,102.00
130,65,51,10110.00,101.10,100.00
131,62,48,9194.00,101.0329670329670329670329670,101.00
132,66,39,6486.00,101.34375,100.00
133,64,49,8428.00,101.5421686746987951807228916,101.00
134,67,42,7392.00,101.2602739726027397260273973,103.00
135,61,44,8120.00,101.50,100.00
136,62,49,8267.00,100.8170731707317073170731707,103.00
137,58,38,7211.00,101.5633802816901408450704225,99.00
138,62,42,7887.00,101.1153846153846153846153846,102.00
139,69,46,8419.00,101.4337349397590361445783133,103.00
140,62,53,9773.00,100.7525773195876288659793814,101.00
141,71,45,8356.00,101.9024390243902439024390244,103.00
142,65,35,6680.00,101.2121212121212121212121212,100.00
143,65,41,7254.00,100.75,100.00
144,71,54,10976.00,100.6972477064220183486238532,102.00
145,60,40,6575.00,101.1538461538461538461538462,102.00
146,58,39,7329.00,100.3972602739726027397260274,100.00
147,73,52,9907.00,101.0918367346938775510204082,100.00
148,67,40,6845.00,100.6617647058823529411764706,100.00
149,66,49,9053.00,100.5888888888888888888888889,103.00
150,61,40,6702.00,101.5454545454545454545454545,102.00
151,68,35,7238.00,101.9436619718309859154929577,102.00
152,65,49,8818.00,101.3563218390804597701149425,103.00
153,62,43,7769.00,100.8961038961038961038961039,100.00
154,56,45,8324.00,100.2891566265060240963855422,102.00
155,58,36,6642.00,100.6363636363636363636363636,102.00
156,74,42,8226.00,100.3170731707317073170731707,101.00
157,68,35,6416.00,101.8412698412698412698412698,101.00
158,66,50,8536.00,101.6190476190476190476190476,101.00
159,76,58,9089.00,100.9888888888888888888888889,100.00
160,71,47,8365.00,100.7831325301204819277108434,101.00
161,68,48,7798.00,101.2727272727272727272727273,101.00
162,67,38,6376.00,101.2063492063492063492063492,102.00
163,69,42,8586.00,101.0117647058823529411764706,101.00
164,63,31,6070.00,101.1666666666666666666666667,100.00
165,66,55,10096.00,100.96,103.00
166,77,53,11365.00,100.5752212389380530973451327,102.00
167,76,55,9823.00,101.2680412371134020618556701,101.00
168,76,49,9303.00,101.1195652173913043478260870,102.00
169,72,48,9166.00,100.7252747252747252747252747,100.00
170,66,46,8609.00,101.2823529411764705882352941,103.00
171,63,41,7340.00,100.5479452054794520547945205,99.00
172,56,39,6262.00,101.00,102.00
173,65,56,9893.00,100.9489795918367346938775510,99.00
174,50,32,6229.00,100.4677419354838709677419355,102.00
175,75,52,9707.00,101.1145833333333333333333333,103.00
176,77,45,7590.00,101.20,100.00
177,62,46,8387.00,101.0481927710843373493975904,101.00
178,65,46,7753.00,100.6883116883116883116883117,102.00
179,64,45,8178.00,100.9629629629629629629629630,99.00
180,72,46,9000.00,101.1235955056179775280898876,100.00
181,66,41,8057.00,100.7125,101.00
182,73,55,10542.00,100.40,102.00
183,66,40,6312.00,100.1904761904761904761904762,101.00
184,65,47,7728.00,100.3636363636363636363636364,101.00
185,58,38,6916.00,100.2318840579710144927536232,101.00
186,64,49,8764.00,100.7356321839080459770114943,101.00
187,63,48,7661.00,100.8026315789473684210526316,100.00
188,70,57,9225.00,100.2717391304347826086956522,99.00
189,68,47,8471.00,100.8452380952380952380952381,101.00
190,69,45,8766.00,100.7586206896551724137931034,99.00
191,68,51,10143.00,100.4257425742574257425742574,99.00
192,62,40,6942.00,100.6086956521739130434782609,100.00
193,69,51,8754.00,100.6206896551724137931034483,102.00
194,72,52,8627.00,100.3139534883720930232558140,100.00
195,68,53,11108.00,100.9818181818181818181818182,100.00
196,64,44,7891.00,99.88607594936708860759493671,101.00
197,65,48,8639.00,100.4534883720930232558139535,102.00
198,66,47,7862.00,100.7948717948717948717948718,99.00
199,61,39,6696.00,101.4545454545454545454545455,102.00
200,73,55,9958.00,100.5858585858585858585858586,99.00
201,67,43,8714.00,101.3255813953488372093023256,102.00
202,65,36,6811.00,100.1617647058823529411764706,101.00
203,70,51,8108.00,100.0987654320987654320987654,101.00
204,69,43,6968.00,100.9855072463768115942028986,102.00
205,64,41,6282.00,101.3225806451612903225806452,102.00
206,63,51,8846.00,101.6781609195402298850574713,100.00
207,64,48,7752.00,100.6753246753246753246753247,99.00
208,66,44,7567.00,100.8933333333333333333333333,102.00
209,64,32,5128.00,100.5490196078431372549019608,100.00
210,63,39,7688.00,101.1578947368421052631578947,102.00
211,61,38,6312.00,100.1904761904761904761904762,101.00
212,63,40,7037.00,100.5285714285714285714285714,99.00
213,62,39,7376.00,101.0410958904109589041095890,102.00
214,56,43,7013.00,101.6376811594202898550724638,103.00
215,63,38,7277.00,101.0694444444444444444444444,101.00
216,69,57,10821.00,101.1308411214953271028037383,100.00
217,65,48,8567.00,100.7882352941176470588235294,101.00
218,72,51,9478.00,101.9139784946236559139784946,101.00
219,67,43,8312.00,101.3658536585365853658536585,101.00
220,69,47,8747.00,101.7093023255813953488372093,101.00
221,70,49,8987.00,100.9775280898876404494382022,102.00
222,76,55,9499.00,101.0531914893617021276595745,99.00
223,59,38,6899.00,101.4558823529411764705882353,101.00
224,70,41,7558.00,100.7733333333333333333333333,100.00
225,58,50,8147.00,100.5802469135802469135802469,99.00
226,63,45,8049.00,100.6125,102.00
227,67,50,8632.00,100.3720930232558139534883721,101.00
228,66,51,9527.00,100.2842105263157894736842105,102.00
229,72,53,9401.00,101.0860215053763440860215054,102.00
230,65,49,9368.00,100.7311827956989247311827957,101.00
231,54,39,8221.00,100.2560975609756097560975610,100.00
232,60,43,7788.00,101.1428571428571428571428571,101.00
233,67,49,9489.00,100.9468085106382978723404255,100.00
234,67,32,5321.00,100.3962264150943396226415094,101.00
235,67,44,7794.00,99.92307692307692307692307692,99.00
236,70,52,9729.00,100.2989690721649484536082474,101.00
237,58,37,6599.00,99.98484848484848484848484848,99.00
238,66,58,10538.00,100.3619047619047619047619048,99.00
239,62,59,10993.00,100.8532110091743119266055046,102.00
240,65,50,7950.00,100.6329113924050632911392405,100.00
241,61,48,9012.00,101.2584269662921348314606742,100.00
242,58,31,5838.00,100.6551724137931034482758621,101.00
243,70,48,8249.00,100.5975609756097560975609756,101.00
244,65,50,9219.00,100.2065217391304347826086957,100.00
245,59,37,6633.00,100.50,101.00
246,60,36,6322.00,100.3492063492063492063492063,102.00
247,71,41,7277.00,101.0694444444444444444444444,100.00
248,68,53,9627.00,101.3368421052631578947368421,102.00
249,65,45,7918.00,100.2278481012658227848101266,101.00
250,66,50,7809.00,100.1153846153846153846153846,99.00
251,61,43,7930.00,100.3797468354430379746835443,100.00
